LaneIndex,Block,Row,Column,PeakStart,PeakEnd,PeakCenter,PeakHeight,PeakFWHM,PeakArea,"Well Center, X (pixels)","Well Center, Y (pixels)"
9,1,1,9,410,680,545,2289.47050959022,90,227579.282603479,702.5,430
43,1,2,3,370,485,430,211.622255974071,45,10068.3413085707,462.5,610
47,1,2,7,400,690,555,2089.47428604811,95,215492.415697992,622.5,610
66,1,2,26,390,675,545,147.380881874279,90,15568.8665385824,1382.5,610
67,1,2,27,400,685,545,669.587871512402,95,69837.2377492321,1422.5,610
68,1,2,28,425,695,560,1012.72350584995,90,100146.909367784,1462.5,610
74,1,2,34,420,720,545,732.17268073161,90,74103.1689550284,1702.5,610
85,1,3,5,415,680,540,582.525701929874,90,56902.361339612,542.5,790
87,1,3,7,380,650,530,252.79919945848,90,25390.4415765354,622.5,790
110,1,3,30,415,675,545,868.205141522439,90,85957.3896502673,1542.5,790
122,1,4,2,395,680,535,249.948979237776,90,25632.7154801051,422.5,970
127,1,4,7,390,660,530,538.088513547981,90,54093.1117741986,622.5,970
128,1,4,8,345,665,520,3896.67086956762,100,431883.447284632,662.5,970
136,1,4,16,415,670,540,340.554493824436,95,34199.4311014098,982.5,970
142,1,4,22,395,660,525,1497.95566629841,90,149342.334855966,1222.5,970
154,1,4,34,405,685,545,1911.84176823799,90,192071.003943764,1702.5,970
164,1,5,4,390,655,520,1501.79821934969,90,146723.731316058,502.5,1150
166,1,5,6,400,700,530,563.327986716764,90,56972.7107966967,582.5,1150
168,1,5,8,365,650,520,1407.33656727412,90,141721.955787947,662.5,1150
169,1,5,9,390,655,525,216.422658494584,90,21162.0793550617,702.5,1150
177,1,5,17,390,670,525,584.309700537503,90,59389.6543391789,1022.5,1150
178,1,5,18,375,665,530,361.83338703945,95,37629.5335900455,1062.5,1150
218,1,6,18,390,720,525,354.605196373819,100,40566.5146901189,1062.5,1330
259,1,7,19,440,755,605,668.589105695093,105,74750.337129076,1102.5,1510
260,1,7,20,390,675,525,924.091807726264,95,95141.981420458,1142.5,1510
261,1,7,21,350,655,520,1243.80040460078,95,127324.660093352,1182.5,1510
277,1,7,37,385,680,525,1073.14270015226,95,111390.370481803,1822.5,1510
280,1,7,40,395,685,530,1714.0993859865,95,176236.460533804,1942.5,1510
289,1,8,9,405,680,540,1325.2971421239,95,133229.008638607,702.5,1690
291,1,8,11,370,710,530,450.673323867295,100,51186.3362738301,782.5,1690
296,1,8,16,355,665,520,2205.11403301282,100,239062.488552295,982.5,1690
300,1,8,20,370,670,520,1789.56795533315,95,184551.392161647,1142.5,1690
304,1,8,24,395,650,525,291.60820454936,95,29468.1078314953,1302.5,1690
305,1,8,25,385,660,520,1964.30572920506,95,198825.377089514,1342.5,1690
317,1,8,37,355,720,525,269.989987964975,100,30647.1496017235,1822.5,1690
321,1,9,1,385,655,515,657.970921172692,95,66557.3588457449,382.5,1870
326,1,9,6,410,690,535,369.260806051297,90,36730.6222474566,582.5,1870
328,1,9,8,405,670,535,367.548835608285,95,36651.8464592199,662.5,1870
333,1,9,13,375,660,515,1309.44071094167,95,136018.444821283,862.5,1870
347,1,9,27,340,655,510,2156.57643758751,100,235844.208970516,1422.5,1870
395,1,10,35,375,695,530,890.528475618294,95,95310.356461486,1742.5,2050
398,1,10,38,370,660,515,336.69781353737,100,35922.366046714,1862.5,2050
399,1,10,39,370,650,510,883.327181311437,100,91766.6470864835,1902.5,2050
423,2,1,23,415,700,560,281.398147538227,90,27730.1421706129,2987.5,430
431,2,1,31,425,730,565,521.5771591158,100,56922.7756652545,3307.5,430
435,2,1,35,375,670,540,735.72819857584,105,81846.1344905574,3467.5,430
436,2,1,36,415,695,555,959.881048108222,95,96674.7971142578,3507.5,430
438,2,1,38,420,700,560,939.458574808402,95,96989.42588699,3587.5,430
439,2,1,39,675,810,745,412.651542407345,45,20854.4725811038,3627.5,430
443,2,2,3,405,700,550,816.125185735835,95,84449.9134469574,2187.5,610
454,2,2,14,390,670,545,423.191873274372,95,43420.2174821907,2627.5,610
469,2,2,29,430,690,560,463.762463890091,95,47728.9711135265,3227.5,610
473,2,2,33,410,695,555,515.042518664136,100,54449.494339794,3387.5,610
487,2,3,7,375,700,545,655.977556702959,100,74401.3686643239,2347.5,790
491,2,3,11,415,695,545,286.878048018874,95,30690.5803210529,2507.5,790
492,2,3,12,450,665,550,140.620781699169,90,13371.4037784995,2547.5,790
511,2,3,31,400,680,535,266.227432162812,95,27872.7904495197,3307.5,790
513,2,3,33,410,685,540,1163.14625909111,95,120444.570913151,3387.5,790
514,2,3,34,415,675,540,650.757102220814,95,66377.3645875817,3427.5,790
517,2,3,37,405,690,545,1198.76980021254,100,124953.184839994,3547.5,790
520,2,3,40,390,670,535,1036.15214134457,90,105464.705178697,3667.5,790
523,2,4,3,395,695,540,1141.49657045857,95,118439.626757203,2187.5,970
534,2,4,14,415,690,550,1595.59530608823,90,159546.377966144,2627.5,970
549,2,4,29,410,660,535,228.825440875202,90,21894.2204887567,3227.5,970
551,2,4,31,390,680,525,1099.21403136142,95,114663.089007524,3307.5,970
553,2,4,33,395,680,540,2088.35116274653,90,211076.371240007,3387.5,970
557,2,4,37,390,685,535,944.425411688207,95,98275.0023148556,3547.5,970
567,2,5,7,385,685,525,655.666659151957,95,69260.7436324009,2347.5,1150
575,2,5,15,390,690,545,2587.60720355513,95,276029.036111176,2667.5,1150
581,2,5,21,405,740,545,508.39943528643,130,69780.5033886934,2907.5,1150
584,2,5,24,395,665,525,332.612224824579,95,34459.4760276883,3027.5,1150
588,2,5,28,375,670,525,207.914787498842,100,22897.0411484223,3187.5,1150
620,2,6,20,385,670,535,1101.76573839056,95,113466.109018695,2867.5,1330
627,2,6,27,340,660,510,2952.26991886141,100,334926.120349924,3147.5,1330
630,2,6,30,395,675,520,692.379127479719,95,70825.5839317115,3267.5,1330
658,2,7,18,380,675,525,1741.72064370299,95,179647.687283389,2787.5,1510
681,2,8,1,370,660,515,748.589552845634,95,79909.6251299563,2107.5,1690
701,2,8,21,395,720,520,677.308083883814,100,72087.6308873564,2907.5,1690
707,2,8,27,380,665,520,2034.24193677534,100,214821.063335098,3147.5,1690
712,2,8,32,405,700,525,229.469189074482,100,24768.017192296,3347.5,1690
727,2,9,7,385,670,520,1148.65393932149,95,116158.575454304,2347.5,1870
728,2,9,8,375,685,525,760.239437130276,100,81927.4997529128,2387.5,1870
733,2,9,13,420,760,575,410.037949543802,135,57967.180187242,2587.5,1870
738,2,9,18,360,655,510,2174.69375204227,95,224788.453184266,2787.5,1870
745,2,9,25,345,660,515,456.216743740714,95,49427.5904798067,3067.5,1870
764,2,10,4,455,750,590,692.433867980584,105,76885.1438272623,2227.5,2050
800,2,10,40,365,660,510,722.912104316889,95,76325.0740353065,3667.5,2050
802,3,1,2,365,695,530,592.381556046916,105,69379.9527941084,3872.5,430
828,3,1,28,385,655,515,891.353179226457,95,89641.6845531505,4912.5,430
829,3,1,29,375,650,515,1251.18259794698,95,125973.490933752,4952.5,430
838,3,1,38,360,710,520,269.121042225809,110,32216.5857456203,5312.5,430
861,3,2,21,410,705,545,154.300582566223,90,15180.0632877185,4632.5,610
863,3,2,23,385,665,525,1320.31197858493,95,135111.211909334,4712.5,610
865,3,2,25,345,665,520,656.068074626132,95,71994.2550742555,4792.5,610
879,3,2,39,365,670,520,738.043970116835,100,80268.7743378669,5352.5,610
887,3,3,7,390,680,520,329.090865640098,95,35326.9939534138,4072.5,790
898,3,3,18,395,670,535,497.702389137857,100,53091.2903999669,4512.5,790
904,3,3,24,400,695,530,145.61425473843,115,18231.4748224031,4752.5,790
908,3,3,28,365,640,505,2285.38093096388,90,224606.970462056,4912.5,790
912,3,3,32,395,675,530,840.259782528883,95,86972.8371363972,5072.5,790
920,3,3,40,385,655,520,2363.17201120206,90,232305.788504243,5392.5,790
923,3,4,3,410,705,535,268.595745823825,95,28268.5280825704,3912.5,970
928,3,4,8,405,685,540,1250.26389224578,95,131269.418257599,4112.5,970
931,3,4,11,390,680,530,744.938196014992,95,77704.4740482401,4232.5,970
934,3,4,14,350,680,525,653.071498963562,105,76692.5457162166,4352.5,970
935,3,4,15,385,680,535,6235.12285620286,95,650299.621331985,4392.5,970
958,3,4,38,345,660,505,505.376942587169,100,54882.1267655156,5312.5,970
971,3,5,11,395,665,515,303.966334770416,100,32950.8898760862,4232.5,1150
985,3,5,25,365,660,515,396.991165023611,95,41980.1388926997,4792.5,1150
988,3,5,28,380,685,520,644.607182307255,95,68224.5423270277,4912.5,1150
989,3,5,29,385,670,510,415.725319596683,100,44452.1679031222,4952.5,1150
1007,3,6,7,740,850,825,288.981051232078,55,17777.993814636,4072.5,1330
1009,3,6,9,375,660,515,5308.30249300865,100,552484.522600499,4152.5,1330
1019,3,6,19,365,640,505,533.556121975208,100,57057.8210751076,4552.5,1330
1035,3,6,35,430,725,570,165.088341788799,110,19276.1321692225,5192.5,1330
1055,3,7,15,355,670,505,2155.33336640509,95,233992.581561915,4392.5,1510
1061,3,7,21,370,690,515,342.169020956191,100,39113.5113011257,4632.5,1510
1062,3,7,22,340,650,500,1945.9056539433,100,211207.180602116,4672.5,1510
1077,3,7,37,355,645,490,1535.29654363064,95,160328.874857697,5272.5,1510
1079,3,7,39,305,635,485,789.135470181033,110,93140.7933429551,5352.5,1510
1081,3,8,1,385,655,510,423.117840163507,90,42767.3112870367,3832.5,1690
1087,3,8,7,390,690,520,303.341297166509,95,32901.7984539192,4072.5,1690
1091,3,8,11,380,735,530,1505.65312211277,130,205294.95169078,4232.5,1690
1106,3,8,26,355,650,490,1177.59763014979,95,121510.06347757,4832.5,1690
1114,3,8,34,315,700,485,158.721304390475,95,18176.4105165525,5152.5,1690
1118,3,8,38,260,625,485,223.022472203476,100,25212.677828719,5312.5,1690
1137,3,9,17,360,640,495,1769.04791062354,90,179205.298428631,4472.5,1870
1141,3,9,21,355,650,495,2507.41761786099,95,259211.62232727,4632.5,1870
1155,3,9,35,365,665,495,269.077958035793,95,29641.7882011734,5192.5,1870
1156,3,9,36,350,630,495,414.223614329934,100,44026.991616234,5232.5,1870
1176,3,10,16,355,685,505,319.039328109717,110,38626.1177672999,4432.5,2050
1183,3,10,23,375,670,495,196.637179745587,105,22414.0163582154,4712.5,2050
1186,3,10,26,360,655,490,1219.22628754713,95,127078.429475403,4832.5,2050
1190,3,10,30,345,630,495,312.434619346723,100,33192.6126504785,4992.5,2050
1213,4,1,13,385,675,530,1086.17850675047,95,112911.055468455,6037.5,430
1215,4,1,15,370,680,530,722.873078155072,95,77159.5403740383,6117.5,430
1216,4,1,16,695,850,795,5081.21171702815,65,360922.357309711,6157.5,430
1217,4,1,17,650,780,720,14812.4518571252,40,681810.453991268,6197.5,430
1218,4,1,18,630,755,695,13209.0203365999,45,616468.573350132,6237.5,430
1219,4,1,19,615,745,685,14419.2827534732,40,664311.226948001,6277.5,430
1220,4,1,20,600,720,660,13440.2182099745,40,622872.35084248,6317.5,430
1221,4,1,21,630,755,695,4556.30905740675,45,201412.581055047,6357.5,430
1230,4,1,30,390,680,540,714.970382132013,100,76364.0659930536,6717.5,430
1234,4,1,34,405,695,545,1799.8923151408,95,188060.039210537,6877.5,430
1254,4,2,14,380,665,515,1382.50753763572,95,139869.711242107,6077.5,610
1261,4,2,21,390,685,530,1309.93525182498,95,134942.863198893,6357.5,610
1272,4,2,32,330,645,520,596.657707506209,90,60467.6060840938,6797.5,610
1274,4,2,34,360,680,520,268.943259522702,100,30069.029234,6877.5,610
1279,4,2,39,360,685,520,1055.66298750687,105,118041.594135821,7077.5,610
1307,4,3,27,340,650,505,2522.04855282113,100,272672.993227746,6597.5,790
1308,4,3,28,355,660,515,184.91849900593,100,20641.8490771896,6637.5,790
1311,4,3,31,430,715,595,166.789280174346,105,19164.4386881293,6757.5,790
1320,4,3,40,385,655,515,1205.1780096154,95,122317.988199323,7117.5,790
1339,4,4,19,390,700,525,700.646384284838,100,74730.142489893,6277.5,970
1346,4,4,26,355,665,510,663.98015034252,100,73130.8424698939,6557.5,970
1352,4,4,32,380,655,510,1342.35258038511,95,134847.477290188,6797.5,970
1361,4,5,1,410,715,555,361.965486302642,135,49020.1933139849,5557.5,1150
1367,4,5,7,365,655,505,5690.10335412906,95,594852.538279746,5797.5,1150
1370,4,5,10,355,645,500,1278.12796648693,95,132338.925068104,5917.5,1150
1387,4,5,27,360,605,490,184.177033722083,95,18247.665620433,6597.5,1150
1388,4,5,28,365,645,495,857.645119810819,95,85721.4650262518,6637.5,1150
1392,4,5,32,355,640,495,3223.25889939167,90,329050.092009134,6797.5,1150
1398,4,5,38,355,670,505,2247.17144274968,95,237501.121009765,7037.5,1150
1410,4,6,10,350,640,495,1818.89089156704,95,190582.117151331,5917.5,1330
1414,4,6,14,370,645,500,1373.68811779238,90,139923.194003623,6077.5,1330
1427,4,6,27,375,645,495,966.805703871229,95,97080.6367424743,6597.5,1330
1443,4,7,3,380,700,520,687.919380710532,95,72260.7364621285,5637.5,1510
1455,4,7,15,370,655,510,1330.38190616967,95,136967.262276373,6117.5,1510
1459,4,7,19,350,625,500,663.60485442692,100,69677.6273756398,6277.5,1510
1478,4,7,38,320,625,485,1624.67436361134,100,173949.511427066,7037.5,1510
1482,4,8,2,350,630,490,153.949025230909,95,15805.9697673634,5597.5,1690
1482,4,8,2,705,835,780,411.566064214836,40,18641.3768777683,5597.5,1690
1501,4,8,21,350,635,490,888.348888689902,95,91293.522688093,6357.5,1690
1502,4,8,22,360,605,490,816.633165158548,60,59710.1268158588,6397.5,1690
1507,4,8,27,355,630,485,1384.6738982955,90,137704.645143437,6597.5,1690
1521,4,9,1,360,660,490,760.438468673819,95,79911.9690208198,5557.5,1870
1525,4,9,5,365,665,495,731.893579959012,95,77000.3810585151,5717.5,1870
1534,4,9,14,335,630,480,1639.85917935827,95,168994.265009867,6077.5,1870
1536,4,9,16,360,645,490,1547.8025639993,95,159548.93478814,6157.5,1870
1552,4,9,32,335,635,485,731.570125357758,100,78420.9958456465,6797.5,1870
1563,4,10,3,330,630,485,3773.11472286421,100,397805.880893926,5637.5,2050
1564,4,10,4,370,655,495,762.456854214404,95,79819.8108416943,5677.5,2050
1575,4,10,15,375,610,485,277.325374849235,95,27454.2358382241,6117.5,2050
1580,4,10,20,340,645,480,1518.13814946716,95,160356.65289476,6317.5,2050
1581,4,10,21,310,620,470,5365.55433335698,100,578720.054258366,6357.5,2050
1585,4,10,25,335,625,485,1174.77996502053,90,118967.141176927,6517.5,2050
1587,4,10,27,345,640,480,905.821544980258,90,91796.6291369248,6597.5,2050
1588,4,10,28,325,645,485,275.492471872427,95,29884.7725813543,6637.5,2050
1593,4,10,33,345,675,500,724.748245422417,115,88973.6737004743,6837.5,2050
1599,4,10,39,330,715,500,594.793376913014,135,85794.6116085979,7077.5,2050
1614,5,1,14,345,685,530,2685.01185622719,100,298297.767610812,7802.5,430
1632,5,1,32,440,750,590,1473.22785805442,105,168986.258555068,8522.5,430
1641,5,2,1,380,675,525,812.305156732923,100,85624.9449450369,7282.5,610
1646,5,2,6,385,675,530,2634.0224291427,95,274805.21890455,7482.5,610
1652,5,2,12,375,715,525,2371.54234815099,105,272011.343595658,7722.5,610
1665,5,2,25,385,685,540,1540.20204581096,95,163409.072724248,8242.5,610
1671,5,2,31,390,690,525,1811.11218562496,95,187564.877248328,8482.5,610
1688,5,3,8,370,670,520,1256.99528956041,95,131517.462671115,7562.5,790
1692,5,3,12,325,690,515,1880.25526818946,105,229489.201879938,7722.5,790
1701,5,3,21,390,695,525,278.23037765494,95,30458.8501594838,8082.5,790
1703,5,3,23,385,670,520,565.153276237871,100,58541.0346256938,8162.5,790
1708,5,3,28,370,675,520,359.297451683068,100,39432.1119588216,8362.5,790
1712,5,3,32,335,660,510,3500.42278596257,100,392007.656197818,8522.5,790
1714,5,3,34,375,655,515,2641.95318783941,95,270071.836723664,8602.5,790
1718,5,3,38,370,655,510,2245.34640351334,90,228411.112628205,8762.5,790
1731,5,4,11,365,675,505,657.944606228618,95,69978.2527395503,7682.5,970
1739,5,4,19,380,670,510,1429.87150093883,95,146067.625355138,8002.5,970
1749,5,4,29,355,640,495,2954.14700165118,90,293174.070199788,8402.5,970
1754,5,4,34,355,650,510,1107.00565906613,95,113303.606263982,8602.5,970
1775,5,5,15,350,640,500,1019.70061886609,95,104794.032171035,7842.5,1150
1779,5,5,19,310,640,500,1042.29589059688,105,120699.951705014,8002.5,1150
1786,5,5,26,365,645,510,706.159402281084,100,74564.3278774196,8282.5,1150
1808,5,6,8,280,635,485,2083.74868797908,100,246481.508947309,7562.5,1330
1820,5,6,20,350,635,490,3716.9384807784,95,370706.574227535,8042.5,1330
1832,5,6,32,360,655,490,466.746763734253,90,47086.884413707,8522.5,1330
1833,5,6,33,305,675,485,643.378925026463,95,72105.92641184,8562.5,1330
1853,5,7,13,385,725,545,161.281780829441,140,24450.3398344277,7762.5,1510
1856,5,7,16,370,640,500,862.428226749073,95,86920.78794384,7882.5,1510
1868,5,7,28,320,675,470,263.01357901428,100,30740.0959476874,8362.5,1510
1869,5,7,29,340,655,485,407.175586862776,95,43303.7225821295,8402.5,1510
1873,5,7,33,350,640,485,491.203530921615,90,49603.3597170971,8562.5,1510
1874,5,7,34,310,615,470,2149.60115167301,95,228274.067829061,8602.5,1510
1884,5,8,4,345,625,480,2185.06473653691,90,218083.823160679,7402.5,1690
1885,5,8,5,345,615,475,2197.19262589052,95,218293.178582256,7442.5,1690
1894,5,8,14,360,645,485,232.128112817715,100,25194.8679407506,7802.5,1690
1899,5,8,19,405,755,575,642.644774559118,105,77585.1283700554,8002.5,1690
1905,5,8,25,390,630,500,231.81528480929,90,21889.6997222491,8242.5,1690
1906,5,8,26,385,635,505,147.096726375978,95,14659.8381237094,8282.5,1690
1912,5,8,32,385,690,515,429.976514191874,90,45056.5709080376,8522.5,1690
1914,5,8,34,395,685,520,651.535100118883,100,69937.3105197687,8602.5,1690
1916,5,8,36,380,715,555,419.209524289047,145,63308.0809289554,8682.5,1690
1918,5,8,38,370,650,505,342.924199758194,95,35571.5164319519,8762.5,1690
1925,5,9,5,345,635,485,5278.76838389129,95,549227.191700079,7442.5,1870
1935,5,9,15,340,640,485,1094.05882606108,95,115827.720227268,7842.5,1870
1938,5,9,18,315,650,495,360.900825313963,95,39522.1088853397,7962.5,1870
1939,5,9,19,365,660,500,1208.43122443857,95,125216.147790305,8002.5,1870
1944,5,9,24,380,685,505,205.535973834914,95,22642.3180112913,8202.5,1870
1952,5,9,32,380,625,510,385.641730003896,90,37024.554467142,8522.5,1870
1958,5,9,38,350,650,495,1170.79632033123,90,119547.108114703,8762.5,1870
1960,5,9,40,310,635,485,5668.99999085777,95,620196.753283274,8842.5,1870
1965,5,10,5,310,605,465,571.348786829183,100,63417.0875497893,7442.5,2050
1971,5,10,11,380,630,495,249.869942821035,90,24616.8329073031,7682.5,2050
1972,5,10,12,355,660,490,1020.85838995809,95,107929.195253003,7722.5,2050
1977,5,10,17,340,625,480,2965.21569497625,100,310587.43018656,7922.5,2050
1982,5,10,22,355,650,485,707.236112159548,95,74061.1232411259,8122.5,2050
1985,5,10,25,355,645,495,955.295745404252,95,96935.888950313,8242.5,2050
1994,5,10,34,360,660,495,681.501696519999,100,75289.3505854256,8602.5,2050
2018,6,1,18,370,685,560,169.635099372969,95,18203.4276188838,9687.5,430
2026,6,1,26,520,655,590,470.50102254998,45,22091.0676296635,10007.5,430
2037,6,1,37,395,670,530,2158.51305626775,95,215946.615718637,10447.5,430
2038,6,1,38,380,685,530,876.219270187167,95,89015.335419628,10487.5,430
2040,6,1,40,380,665,520,1061.95053869615,100,111161.694040883,10567.5,430
2046,6,2,6,525,640,590,267.824758430696,40,10451.9497048982,9207.5,610
2047,6,2,7,355,675,525,1480.37757090009,95,163305.493895524,9247.5,610
2049,6,2,9,320,450,390,441.129748321565,45,21940.628602048,9327.5,610
2054,6,2,14,400,685,525,846.833160832093,95,86402.2492125303,9527.5,610
2059,6,2,19,385,675,530,1669.73188448655,95,172143.334161837,9727.5,610
2066,6,2,26,470,750,620,209.325215927915,105,23991.6118711906,10007.5,610
2070,6,2,30,350,680,515,917.586564308823,95,102010.547979922,10167.5,610
2091,6,3,11,425,730,535,519.736978129958,100,54906.0797871561,9407.5,790
2092,6,3,12,375,655,510,1772.32698909923,95,177854.510494292,9447.5,790
2096,6,3,16,375,660,510,1753.5958279217,95,178418.38506811,9607.5,790
2127,6,4,7,385,660,510,295.812847730266,95,30537.7317429602,9247.5,970
2139,6,4,19,360,650,500,885.078812088023,100,92878.9854519236,9727.5,970
2150,6,4,30,390,675,525,1627.27231957668,95,164498.858693795,10167.5,970
2162,6,5,2,380,660,520,716.545206551352,90,71929.9867528725,9047.5,1150
2169,6,5,9,465,760,605,281.620139268333,105,31918.0944800774,9327.5,1150
2212,6,6,12,375,690,515,240.978599417866,115,30425.5356273136,9447.5,1330
2218,6,6,18,340,655,500,4331.94133704966,100,473971.322415329,9687.5,1330
2219,6,6,19,300,710,505,394.380516352806,105,49887.0194548445,9727.5,1330
2238,6,6,38,370,650,505,4033.27528125934,90,405185.680826169,10487.5,1330
2242,6,7,2,365,665,515,538.798694923277,95,57208.4701580803,9047.5,1510
2254,6,7,14,350,680,500,1553.33222297991,100,170452.006086925,9527.5,1510
2260,6,7,20,455,570,515,307.549591630167,40,12206.3924944377,9767.5,1510
2268,6,7,28,355,655,510,369.178245426441,100,39337.6109601665,10087.5,1510
2272,6,7,32,370,655,505,368.559839186833,95,37680.9698796701,10247.5,1510
2275,6,7,35,350,650,500,510.416520515313,100,55575.8433509613,10367.5,1510
2279,6,7,39,435,560,505,324.322698073618,40,13549.3246939507,10527.5,1510
2280,6,7,40,405,655,520,206.537606654902,95,20490.8818505456,10567.5,1510
2281,6,8,1,330,630,490,3165.39843188429,95,322338.92912736,9007.5,1690
2285,6,8,5,355,750,535,1527.83877284857,145,234330.176112696,9167.5,1690
2313,6,8,33,380,665,505,529.459968475656,90,52647.9260654969,10287.5,1690
2319,6,8,39,365,650,500,2718.46932897425,95,271207.185912153,10527.5,1690
2325,6,9,5,350,660,510,757.02118342773,100,85238.838354896,9167.5,1870
2326,6,9,6,360,655,505,3767.95320650309,90,393486.185647955,9207.5,1870
2327,6,9,7,365,655,510,555.728136042229,95,57385.3014682254,9247.5,1870
2354,6,9,34,350,625,480,1900.13224523176,90,183580.360353474,10327.5,1870
2363,6,10,3,350,655,490,397.574634355884,110,46290.0577611775,9087.5,2050
2367,6,10,7,390,655,500,176.023042289895,100,18106.8431356092,9247.5,2050
2378,6,10,18,355,640,500,4837.42751908203,90,486289.882988175,9687.5,2050
2383,6,10,23,330,645,500,2851.44073436316,100,305924.241406505,9887.5,2050
2389,6,10,29,355,635,495,344.664155579459,95,36383.0241039803,10127.5,2050
2406,7,1,6,375,775,545,455.973051389159,130,64434.7292081308,10932.5,430
2442,7,2,2,415,660,530,211.589198433214,95,21092.1920756522,10772.5,610
2445,7,2,5,415,720,545,679.148061790835,105,75701.608254437,10892.5,610
2446,7,2,6,385,685,540,476.102015001238,100,52219.8519130135,10932.5,610
2482,7,3,2,400,685,535,2023.31525114835,90,203466.331587171,10772.5,790
2484,7,3,4,335,690,525,177.65379406983,90,20302.0313919644,10852.5,790
2485,7,3,5,390,660,525,276.842562235023,95,28244.1456981647,10892.5,790
2489,7,3,9,385,675,530,2229.11791324463,95,229859.672279541,11052.5,790
2513,7,3,33,405,710,550,1088.51850687715,95,111793.618500229,12012.5,790
2516,7,3,36,380,685,550,648.757069618786,95,71097.406308455,12132.5,790
2518,7,3,38,560,685,625,2142.87146262548,45,95889.4837302349,12212.5,790
2541,7,4,21,320,745,525,223.826918278783,145,36275.7335701923,11532.5,970
2549,7,4,29,410,680,540,1284.16842992627,90,127526.858848809,11852.5,970
2550,7,4,30,345,465,405,378.132507357206,40,16624.1821390922,11892.5,970
2555,7,4,35,390,675,535,2531.58819599155,95,259677.918155035,12092.5,970
2562,7,5,2,365,650,510,1895.97858456472,95,196143.323074193,10772.5,1150
2573,7,5,13,360,635,515,385.218176469178,95,40219.4898965065,11212.5,1150
2586,7,5,26,405,675,530,892.3053378158,95,91088.2082247155,11732.5,1150
2617,7,6,17,290,670,510,882.619171400642,100,106161.723251003,11372.5,1330
2621,7,6,21,360,655,505,681.663494853667,90,70885.9850438101,11532.5,1330
2624,7,6,24,380,675,505,304.470141167814,100,32919.5545115333,11652.5,1330
2626,7,6,26,385,685,525,1291.77242430843,95,138597.347384009,11732.5,1330
2632,7,6,32,375,700,525,497.339095402105,95,53650.1054746547,11972.5,1330
2634,7,6,34,345,660,505,330.543360815275,95,35900.8979426759,12052.5,1330
2648,7,7,8,325,675,520,1544.62331695868,95,175919.797206068,11012.5,1510
2649,7,7,9,50,220,180,153.119173307242,85,13277.5871054524,11052.5,1510
2651,7,7,11,50,350,270,138.906359008277,95,2277.82238930136,11132.5,1510
2657,7,7,17,50,350,245,165.072905522237,180,28396.7504871914,11372.5,1510
2665,7,7,25,370,650,510,797.87473960475,90,78056.689523432,11692.5,1510
2666,7,7,26,360,660,510,1059.2948874986,90,108102.476830701,11732.5,1510
2668,7,7,28,360,630,495,2881.11617504267,95,285678.543475513,11812.5,1510
2673,7,7,33,440,780,555,294.244494072558,120,36172.6968406304,12012.5,1510
2685,7,8,5,50,345,235,182.963629932493,140,25035.0311789293,10892.5,1690
2692,7,8,12,340,685,520,294.00971472984,100,32217.23337185,11172.5,1690
2699,7,8,19,365,645,525,1045.77764772121,90,102297.270681964,11452.5,1690
2703,7,8,23,380,670,520,2368.08887810339,95,245586.156377705,11612.5,1690
2704,7,8,24,370,665,520,834.412645302754,95,88380.8152515758,11652.5,1690
2705,7,8,25,370,665,510,3803.01467672622,95,395687.5243972,11692.5,1690
2720,7,8,40,355,650,500,1740.64380839124,100,184253.277092744,12292.5,1690
2724,7,9,4,525,815,695,237.666316990374,115,28275.2939658971,10852.5,1870
2727,7,9,7,345,625,485,5678.8361012796,90,565201.574466444,10972.5,1870
2729,7,9,9,260,415,290,73.221984493956,105,11231.0646988637,11052.5,1870
2729,7,9,9,415,645,505,475.594700346154,80,37534.0235963392,11052.5,1870
2730,7,9,10,150,420,240,228.375220225364,115,18275.1887182672,11092.5,1870
2733,7,9,13,105,525,240,204.067444293181,130,8582.7238975012,11212.5,1870
2735,7,9,15,180,500,270,185.944639756498,120,8314.0175432536,11292.5,1870
2739,7,9,19,355,810,510,380.642914070821,115,57759.4962851284,11452.5,1870
2741,7,9,21,375,645,505,2030.71989089754,95,200070.15667977,11532.5,1870
2744,7,9,24,345,645,505,3137.65183030866,90,324195.938752463,11652.5,1870
2747,7,9,27,385,650,505,399.338051743706,95,40304.7414474122,11772.5,1870
2755,7,9,35,390,630,520,314.469349081913,95,31037.0763483982,12092.5,1870
2762,7,10,2,380,720,510,194.601035203227,110,25506.6059170986,10772.5,2050
2770,7,10,10,350,645,500,2150.87866113286,95,223013.433278485,11092.5,2050
2774,7,10,14,380,635,500,745.717525880392,90,72141.4024867847,11252.5,2050
2782,7,10,22,355,645,505,2401.13504322124,95,244867.762090811,11572.5,2050
2791,7,10,31,325,640,490,986.857362892673,105,113028.778168697,11932.5,2050
2805,8,1,5,395,645,530,228.725533625659,90,21647.6848136026,12617.5,430
2806,8,1,6,400,665,525,2349.56338967085,90,230050.513374764,12657.5,430
2807,8,1,7,380,660,520,1117.77577127197,90,109416.200747681,12697.5,430
2817,8,1,17,425,455,445,63.9457841257977,15,1133.22435929456,13097.5,430
2818,8,1,18,50,255,100,179.608830261434,75,17049.5532391195,13137.5,430
2830,8,1,30,145,270,205,710.59653426641,45,31434.7185198722,13617.5,430
2841,8,2,1,390,685,540,3117.23165068765,95,324681.047178581,12457.5,610
2843,8,2,3,395,820,680,189.868631201449,160,31707.6933519803,12537.5,610
2854,8,2,14,380,670,530,4574.43725658062,100,485514.42940757,12977.5,610
2866,8,2,26,435,670,545,316.851673666284,90,30131.4162314642,13457.5,610
2867,8,2,27,395,665,545,553.594565150264,90,52772.1367023829,13497.5,610
2881,8,3,1,355,650,540,180.125584926136,95,18964.9679659938,12457.5,790
2882,8,3,2,480,745,615,154.412519452074,100,17303.2886369049,12497.5,790
2893,8,3,13,375,675,520,756.657091801209,100,80426.3497443431,12937.5,790
2898,8,3,18,410,680,540,1779.19146609664,85,173336.042110516,13137.5,790
2934,8,4,14,355,685,530,556.281668766395,100,61903.5897631506,12977.5,970
2939,8,4,19,125,430,290,149.980984594278,115,19838.921526244,13177.5,970
2952,8,4,32,350,530,385,50.1421754674926,95,4428.42418533442,13697.5,970
2960,8,4,40,390,655,530,712.751114664316,90,67679.3389014499,14017.5,970
2961,8,5,1,375,650,520,1184.12091638091,95,118368.003804909,12457.5,1150
2965,8,5,5,365,660,510,2246.71270778486,95,232482.937926437,12617.5,1150
2996,8,5,36,380,645,515,1548.29337952476,90,152296.453899125,13857.5,1150
3009,8,6,9,365,645,500,645.83484975073,100,69272.2648606018,12777.5,1330
3032,8,6,32,420,730,580,451.200388791339,115,57060.7971014857,13697.5,1330
3044,8,7,4,390,700,520,187.515298324172,100,21499.8228090828,12577.5,1510
3051,8,7,11,390,665,520,668.723245858517,90,66172.1191732747,12857.5,1510
3068,8,7,28,385,675,515,530.371300648006,90,52750.9208664285,13537.5,1510
3086,8,8,6,340,635,495,3554.78464410957,95,369779.0391708,12657.5,1690
3102,8,8,22,345,625,495,366.380161201867,95,37403.3398714995,13297.5,1690
3105,8,8,25,365,640,495,646.301793282492,90,65210.164585086,13417.5,1690
3107,8,8,27,340,625,490,825.826711091154,95,86314.1591577817,13497.5,1690
3108,8,8,28,340,625,490,1497.29473157446,95,152495.623120715,13537.5,1690
3111,8,8,31,360,630,495,434.363712308399,90,42390.1349053962,13657.5,1690
3118,8,8,38,370,665,510,490.976439579938,90,51394.1982459363,13937.5,1690
3123,8,9,3,380,685,505,619.980603892728,95,62538.9093627186,12537.5,1870
3140,8,9,20,335,610,475,985.42127497249,95,102515.122333116,13217.5,1870
3144,8,9,24,365,650,495,608.049953229235,90,58041.0389965132,13377.5,1870
3147,8,9,27,355,615,510,158.783295954938,95,16444.0492228275,13497.5,1870
3152,8,9,32,355,645,510,1945.74923597413,95,200756.748878905,13697.5,1870
3166,8,10,6,335,650,500,1305.13281150875,105,146797.426137079,12657.5,2050
3169,8,10,9,365,640,500,5519.1449812922,90,551933.481247714,12777.5,2050
3192,8,10,32,335,720,520,423.174923143109,150,66310.1238360302,13697.5,2050
3193,8,10,33,325,630,485,1188.82861378539,100,131223.252419071,13737.5,2050
3197,8,10,37,335,750,505,376.760741268622,125,52262.5452885284,13897.5,2050
3199,8,10,39,335,690,495,171.79872443676,125,23823.1561648488,13977.5,2050
3205,9,1,5,395,655,515,254.975959887694,100,26939.988038204,542.5,2350
3209,9,1,9,325,650,510,244.749933970331,100,28461.076138558,702.5,2350
3224,9,1,24,365,640,505,1242.54963884823,95,126991.755515997,1302.5,2350
3257,9,2,17,385,660,515,531.703738308805,95,54675.2557228388,1022.5,2530
3269,9,2,29,370,665,520,3264.98401249037,100,346669.103334677,1502.5,2530
3276,9,2,36,385,645,505,270.543454064193,95,27968.0898614404,1782.5,2530
3286,9,3,6,390,665,520,300.30397906756,95,30791.2685459795,582.5,2710
3292,9,3,12,370,670,510,1478.99975630692,95,154828.131150767,822.5,2710
3293,9,3,13,380,665,510,648.769237711771,95,67888.357793846,862.5,2710
3313,9,3,33,390,725,525,242.530018159023,110,30290.8012651373,1662.5,2710
3318,9,3,38,505,635,575,246.427074734288,50,11701.0246751535,1862.5,2710
3332,9,4,12,355,655,510,500.920490226834,100,53125.2505124605,822.5,2890
3335,9,4,15,355,665,510,1355.14913005022,100,147951.485371325,942.5,2890
3341,9,4,21,335,750,505,430.41809305876,110,54639.6336532873,1182.5,2890
3349,9,4,29,375,665,520,143.729137388311,100,16546.5032023285,1502.5,2890
3352,9,4,32,380,715,515,340.690725150699,105,39930.0819914534,1622.5,2890
3354,9,4,34,375,665,515,1686.10209972862,100,178118.148525598,1702.5,2890
3355,9,4,35,360,655,510,934.295843445706,95,98222.0606457256,1742.5,2890
3362,9,5,2,375,690,520,906.012749640337,100,96870.3121537799,422.5,3070
3364,9,5,4,365,710,510,391.56955221949,105,44849.502530493,502.5,3070
3367,9,5,7,375,650,510,215.606278011764,100,23067.8816123374,622.5,3070
3375,9,5,15,350,680,500,1547.98830687332,100,177406.217460506,942.5,3070
3379,9,5,19,365,655,500,1508.74495936449,100,159221.559521357,1102.5,3070
3393,9,5,33,375,665,515,1250.88327960968,100,133828.897548612,1662.5,3070
3401,9,6,1,385,675,520,945.784427684995,100,99964.6050205872,382.5,3250
3402,9,6,2,335,670,520,557.78042821537,100,62115.6316578792,422.5,3250
3406,9,6,6,350,665,515,1409.3454012063,100,153118.84607214,582.5,3250
3409,9,6,9,355,635,505,408.183693890944,100,43290.1635340401,702.5,3250
3414,9,6,14,375,650,510,315.131887007697,95,32801.7504567231,902.5,3250
3418,9,6,18,405,655,520,381.806633792088,95,38393.9052074857,1062.5,3250
3421,9,6,21,380,695,510,150.094357537879,100,16680.515092151,1182.5,3250
3429,9,6,29,375,645,520,310.069250491878,100,32199.0254879565,1502.5,3250
3430,9,6,30,375,725,515,432.419260982627,100,49262.4229539504,1542.5,3250
3439,9,6,39,370,660,500,1190.25122406138,95,124279.667868454,1902.5,3250
3473,9,7,33,385,680,520,1601.43409508491,100,168958.410225286,1662.5,3430
3485,9,8,5,365,690,525,3657.28910069854,100,411761.627939547,542.5,3610
3495,9,8,15,370,690,515,606.349814897239,100,66715.2147188632,942.5,3610
3496,9,8,16,390,685,520,332.27893511007,100,34601.3199676006,982.5,3610
3498,9,8,18,385,690,525,1937.15018056746,100,213199.990084211,1062.5,3610
3509,9,8,29,380,650,510,544.296130264627,95,57280.0592765754,1502.5,3610
3535,9,9,15,420,750,535,144.840393226086,100,18167.2629504233,942.5,3790
3545,9,9,25,375,665,510,3074.73084342008,100,329312.206646342,1342.5,3790
3555,9,9,35,385,670,515,817.443739206732,100,86835.3104608082,1742.5,3790
3557,9,9,37,380,640,520,323.044392464446,100,34231.2487451733,1822.5,3790
3559,9,9,39,385,670,520,4382.89311658925,95,454537.059013032,1902.5,3790
3563,9,10,3,405,700,550,919.932711288615,95,96333.6409334473,462.5,3970
3567,9,10,7,400,680,535,4097.38041878103,95,424033.002759118,622.5,3970
3575,9,10,15,420,700,545,4400.29507033965,95,452463.067025232,942.5,3970
3576,9,10,16,425,720,550,870.534527504292,95,90165.229684803,982.5,3970
3582,9,10,22,380,675,515,976.300373325427,100,101798.18925679,1222.5,3970
3585,9,10,25,110,235,175,340.497305136057,40,15031.8167136129,1342.5,3970
3586,9,10,26,385,670,520,1156.79681046786,100,120035.869209995,1382.5,3970
3591,9,10,31,390,650,510,2301.96425838829,95,231670.311486632,1582.5,3970
3603,10,1,3,380,675,520,449.965225543505,100,47705.6847343425,2187.5,2350
3610,10,1,10,360,680,500,1107.27015392854,100,122938.419016699,2467.5,2350
3613,10,1,13,440,760,575,375.542147522155,110,44593.306296776,2587.5,2350
3647,10,2,7,365,675,510,245.234358699243,100,26020.9126184557,2347.5,2530
3656,10,2,16,370,665,505,1120.70611484764,95,115845.158857093,2707.5,2530
3681,10,3,1,360,685,515,652.216459680858,100,70709.5892789945,2107.5,2710
3697,10,3,17,375,655,495,460.5543307902,100,48171.4162078309,2747.5,2710
3698,10,3,18,360,655,500,1954.63036741507,95,203926.560833705,2787.5,2710
3709,10,3,29,345,635,485,2754.676674912,95,283259.753089217,3227.5,2710
3718,10,3,38,365,665,505,706.816492891169,100,77507.9972706871,3587.5,2710
3738,10,4,18,380,685,505,624.512591281473,100,66896.9248171245,2787.5,2890
3740,10,4,20,365,665,510,1679.43360128932,100,178493.1747935,2867.5,2890
3749,10,4,29,370,730,495,254.823494532297,95,28810.6229710731,3227.5,2890
3760,10,4,40,345,700,520,236.764202780363,110,28467.1305471566,3667.5,2890
3773,10,5,13,340,645,495,1097.61936547018,100,120765.241897769,2587.5,3070
3791,10,5,31,360,645,495,3260.81593032375,100,348527.215427096,3307.5,3070
3808,10,6,8,360,645,495,2154.33370993949,100,225805.546888509,2387.5,3250
3817,10,6,17,370,645,490,512.736998738337,95,51523.9685575874,2747.5,3250
3822,10,6,22,375,665,505,1194.85182984519,95,123479.654959273,2947.5,3250
3836,10,6,36,390,680,520,1035.24736863344,95,108075.122737772,3507.5,3250
3857,10,7,17,375,660,505,341.205764272636,100,36257.1439054179,2747.5,3430
3861,10,7,21,360,705,500,480.737434542855,100,53589.5454722475,2907.5,3430
3863,10,7,23,355,660,500,367.548044592637,100,41391.5171759871,2987.5,3430
3870,10,7,30,355,640,505,673.235023861858,100,72094.5104494183,3267.5,3430
3875,10,7,35,350,670,505,287.002576142732,100,33562.5523700787,3467.5,3430
3879,10,7,39,350,645,490,2825.12191686966,95,296298.317433537,3627.5,3430
3880,10,7,40,350,640,485,2569.41230727871,95,268563.196743973,3667.5,3430
3885,10,8,5,350,660,500,3160.47120274418,100,350247.495611646,2267.5,3610
3913,10,8,33,340,680,505,1360.70251522673,105,159084.115372569,3387.5,3610
3920,10,8,40,340,635,480,4037.26434083616,95,428871.086637697,3667.5,3610
3921,10,9,1,335,700,500,830.168542277185,105,96963.3137895268,2107.5,3790
3927,10,9,7,395,655,520,430.342207759206,95,43671.671886176,2347.5,3790
3930,10,9,10,370,655,510,511.156710244113,95,52911.4358591643,2467.5,3790
3933,10,9,13,385,695,535,1304.98853645364,100,143542.318704216,2587.5,3790
3935,10,9,15,390,695,530,2543.82474810095,100,277929.50056861,2667.5,3790
3942,10,9,22,350,645,490,2330.73225545106,100,252169.103460442,2947.5,3790
3943,10,9,23,375,650,505,429.324791975257,95,44598.8346029692,2987.5,3790
3954,10,9,34,380,670,505,733.504661075304,100,78393.348537221,3427.5,3790
3957,10,9,37,280,405,345,328.924034038958,50,17203.7703126542,3547.5,3790
3964,10,10,4,400,670,525,1913.0205859532,95,193491.655057666,2227.5,3970
3969,10,10,9,400,685,530,2664.92589869048,95,274062.85174567,2427.5,3970
3979,10,10,19,380,660,500,1027.76875885265,95,103898.163373554,2827.5,3970
3985,10,10,25,375,710,520,352.857449823763,105,41324.3301228124,3067.5,3970
3993,10,10,33,380,655,500,837.787919144441,95,85810.2649459694,3387.5,3970
3997,10,10,37,390,655,515,1009.28991296159,95,101881.407879443,3547.5,3970
4010,11,1,10,355,660,500,1734.11010637615,95,186238.848516994,4192.5,2350
4017,11,1,17,365,670,495,358.363228848786,100,38937.6215332114,4472.5,2350
4025,11,1,25,345,640,495,1157.87968288123,95,120987.314427769,4792.5,2350
4049,11,2,9,345,650,490,1151.75839765509,95,121152.486940895,4152.5,2530
4055,11,2,15,350,640,495,715.974836677482,95,75036.224952734,4392.5,2530
4060,11,2,20,355,675,500,699.910218083874,100,74827.9898432747,4592.5,2530
4066,11,2,26,335,640,485,1473.95931042977,100,161278.875121109,4832.5,2530
4067,11,2,27,385,760,530,827.712641380534,145,122207.92568738,4872.5,2530
4080,11,2,40,370,610,485,147.722336342085,95,14573.5120681145,5392.5,2530
4104,11,3,24,355,675,495,501.770313230841,95,52315.8722476821,4752.5,2710
4114,11,3,34,365,635,500,1803.57437823766,95,180478.958343382,5152.5,2710
4119,11,3,39,350,640,485,2001.3945030938,95,207175.451418546,5352.5,2710
4120,11,3,40,350,670,485,161.041504645366,100,18748.1162450468,5392.5,2710
4127,11,4,7,365,655,505,1354.35346139831,100,143915.332190901,4072.5,2890
4131,11,4,11,350,645,495,596.644643377572,100,66363.4013528822,4232.5,2890
4140,11,4,20,380,640,505,462.524480693619,100,48100.607696859,4592.5,2890
4149,11,4,29,335,660,490,1112.66908173936,105,127154.845885306,4952.5,2890
4162,11,5,2,360,625,490,378.571726636754,100,40291.6288253419,3872.5,3070
4177,11,5,17,365,675,500,844.495870826692,100,93334.678290514,4472.5,3070
4184,11,5,24,360,640,490,478.639418820096,100,52452.5080465134,4752.5,3070
4190,11,5,30,340,635,480,2429.76128564469,100,261408.246700714,4992.5,3070
4194,11,5,34,355,595,495,147.2352409335,90,14360.0736877052,5152.5,3070
4196,11,5,36,420,745,570,1564.45772634565,110,190573.74165655,5232.5,3070
4206,11,6,6,385,645,495,144.850188815981,105,15879.0418981095,4032.5,3250
4211,11,6,11,345,630,480,2184.89753150311,95,226819.339624174,4232.5,3250
4218,11,6,18,350,660,490,2118.78343486045,105,233378.322433462,4512.5,3250
4243,11,7,3,345,675,480,247.057870374284,100,28195.4331018314,3912.5,3430
4249,11,7,9,365,645,500,946.47448765708,95,99583.1517807077,4152.5,3430
4257,11,7,17,325,645,495,205.64250327916,105,23595.7067991019,4472.5,3430
4271,11,7,31,330,630,480,3933.0926684755,100,417562.88021655,5032.5,3430
4280,11,7,40,340,675,500,408.614574880998,105,46320.5487356611,5392.5,3430
4281,11,8,1,315,635,480,1083.42234215008,100,122248.030753774,3832.5,3610
4283,11,8,3,360,720,535,1818.50745682144,130,257232.808149713,3912.5,3610
4296,11,8,16,335,635,480,2572.71448868719,100,277245.424506524,4432.5,3610
4311,11,8,31,345,645,495,1318.99358620392,100,144193.10695718,5032.5,3610
4312,11,8,32,355,690,495,297.413204323526,105,33220.7483642813,5072.5,3610
4321,11,9,1,360,645,490,1224.63802294537,100,129715.590453103,3832.5,3790
4329,11,9,9,355,645,490,2364.53657082993,95,250702.619869547,4152.5,3790
4332,11,9,12,245,645,485,534.113015875369,100,67874.4488379628,4272.5,3790
4337,11,9,17,365,685,495,278.658208197866,105,31964.9190996746,4472.5,3790
4338,11,9,18,350,645,495,313.323989290065,95,34378.901123211,4512.5,3790
4347,11,9,27,405,755,530,453.745465251593,120,59181.8370353634,4872.5,3790
4367,11,10,7,380,680,510,1092.49645397309,100,117833.783972558,4072.5,3970
4370,11,10,10,380,675,515,2213.98753746874,95,234396.856742228,4192.5,3970
4376,11,10,16,355,660,500,4120.58074345753,100,452615.00080482,4432.5,3970
4383,11,10,23,365,670,515,765.188608916915,110,88279.1649301981,4712.5,3970
4384,11,10,24,385,675,515,1650.50160206564,100,177675.049903338,4752.5,3970
4391,11,10,31,85,380,215,201.888136155095,100,22281.0043776296,5032.5,3970
4397,11,10,37,390,695,525,1930.07565750556,100,212352.383911598,5272.5,3970
4418,12,1,18,360,630,500,563.95002015039,95,58118.571234031,6237.5,2350
4425,12,1,25,370,700,495,237.279878200867,105,27387.5888867119,6517.5,2350
4430,12,1,30,350,635,490,2020.28012675701,95,207488.357009964,6717.5,2350
4432,12,1,32,355,690,495,502.771347480078,100,56796.3193384772,6797.5,2350
4433,12,1,33,325,635,485,3614.73097285987,100,395297.52488134,6837.5,2350
4435,12,1,35,345,660,495,1748.21752802861,95,183399.837837031,6917.5,2350
4436,12,1,36,355,665,495,843.115418350714,95,87945.8326351272,6957.5,2350
4441,12,2,1,330,635,475,1724.6487952313,100,184924.274592815,5557.5,2530
4451,12,2,11,330,625,475,4073.80927540864,95,429557.203932147,5957.5,2530
4453,12,2,13,365,650,500,2126.75552327296,95,218571.513534557,6037.5,2530
4474,12,2,34,305,665,500,334.526349467709,105,39506.3459112066,6877.5,2530
4475,12,2,35,370,635,495,242.139053635364,100,26282.964917792,6917.5,2530
4476,12,2,36,365,645,500,2327.81029300516,95,237815.761031098,6957.5,2530
4479,12,2,39,360,640,500,614.075262535632,95,63949.1087324901,7077.5,2530
4484,12,3,4,290,635,470,1270.11334794812,105,149857.802230471,5677.5,2710
4488,12,3,8,365,645,495,1683.92085949298,90,170808.238582883,5837.5,2710
4495,12,3,15,330,620,475,1614.2168711561,95,163315.181822286,6117.5,2710
4497,12,3,17,365,715,500,1087.7580729021,95,118339.092248,6197.5,2710
4511,12,3,31,350,640,495,1168.93968013127,100,122994.38485172,6757.5,2710
4526,12,4,6,380,690,510,196.806690146068,125,25923.7508325438,5757.5,2890
4564,12,5,4,355,635,490,1176.44494060698,100,123683.181302657,5677.5,3070
4568,12,5,8,350,635,490,760.198723609228,95,79754.0542926882,5837.5,3070
4577,12,5,17,350,680,495,443.91158434852,100,48761.9616090779,6197.5,3070
4601,12,6,1,320,635,480,5749.03967427435,100,632575.436694737,5557.5,3250
4604,12,6,4,340,685,490,453.923392579551,105,52326.7176679363,5677.5,3250
4608,12,6,8,385,735,510,159.331973027491,95,19710.8257940366,5837.5,3250
4631,12,6,31,370,655,500,1826.77700249592,100,193191.197042658,6757.5,3250
4648,12,7,8,350,675,505,631.902947044738,105,71814.9224611073,5837.5,3430
4649,12,7,9,370,655,510,792.279438068261,95,82609.9783700834,5877.5,3430
4650,12,7,10,375,685,515,502.001081307563,100,55379.9650351173,5917.5,3430
4654,12,7,14,365,670,505,361.974345474551,100,42164.7373525561,6077.5,3430
4660,12,7,20,370,655,510,1243.25783197522,95,131282.230973782,6317.5,3430
4661,12,7,21,505,670,565,245.52179520465,35,10971.5718536139,6357.5,3430
4665,12,7,25,620,745,675,198.854256478033,45,10047.6190567733,6517.5,3430
4671,12,7,31,355,710,495,1468.05984561001,100,164044.812695141,6757.5,3430
4676,12,7,36,375,700,495,167.338534559317,100,19180.6509560122,6957.5,3430
4731,12,9,11,375,745,520,1064.38419928915,105,122788.987383178,5957.5,3790
4734,12,9,14,365,690,510,1944.1161608319,100,219401.477006376,6077.5,3790
4737,12,9,17,380,655,515,432.320586305019,100,46361.295432782,6197.5,3790
4757,12,9,37,195,320,260,279.516759575773,35,11416.0322974987,6997.5,3790
4758,12,9,38,360,645,510,1498.32552452995,100,158774.353442442,7037.5,3790
4763,12,10,3,395,745,525,190.444876872911,105,22113.3135057148,5637.5,3970
4765,12,10,5,395,710,535,722.49320460794,105,80974.3000496832,5717.5,3970
4773,12,10,13,415,665,525,287.089942964651,90,27597.6081055218,6037.5,3970
4778,12,10,18,390,705,515,1092.61687336208,100,120626.206586145,6237.5,3970
4779,12,10,19,425,670,525,178.227877637142,105,19539.0011794052,6277.5,3970
4783,12,10,23,395,665,525,300.851033329219,105,34124.8010000832,6437.5,3970
4787,12,10,27,390,690,530,1576.56665807112,100,171036.676649466,6597.5,3970
4799,12,10,39,590,780,670,1132.92670978667,45,76792.097428867,7077.5,3970
4805,13,1,5,370,705,520,1686.3503534239,125,219198.86907452,7442.5,2350
4809,13,1,9,365,655,500,839.419344399397,95,85391.2536276639,7602.5,2350
4820,13,1,20,370,655,500,299.39557348624,95,31812.4945096409,8042.5,2350
4843,13,2,3,365,645,505,2638.80560812441,90,267609.286357089,7362.5,2530
4845,13,2,5,350,700,515,1198.22448364427,125,159109.276230902,7442.5,2530
4847,13,2,7,340,635,490,3630.93935831938,95,382751.706276321,7522.5,2530
4857,13,2,17,360,655,505,5540.7173663196,95,581833.959857325,7922.5,2530
4861,13,2,21,360,650,500,531.519161948427,95,56454.3025068155,8082.5,2530
4864,13,2,24,390,715,545,560.768125883477,130,75733.4989307083,8202.5,2530
4869,13,2,29,360,640,495,3013.17441460234,90,301090.957476144,8402.5,2530
4875,13,2,35,360,645,500,2338.83893668584,95,240018.999104652,8642.5,2530
4882,13,3,2,370,675,495,763.064701402677,100,80527.0917419562,7322.5,2710
4898,13,3,18,355,665,495,383.627560108946,95,41909.8331083583,7962.5,2710
4904,13,3,24,365,650,495,435.320284111104,95,45228.9196527374,8202.5,2710
4906,13,3,26,340,630,490,205.00337910912,95,20880.1409957712,8282.5,2710
4927,13,4,7,365,630,490,694.592240036756,95,70599.6442681474,7522.5,2890
4948,13,4,28,290,660,485,388.456874022714,115,50299.734628543,8362.5,2890
4949,13,4,29,305,635,480,2019.26924357699,100,226067.653332423,8402.5,2890
4981,13,5,21,335,640,490,1805.01983558625,100,196170.006776213,8082.5,3070
4996,13,5,36,380,690,530,199.041222761714,135,28561.5657315494,8682.5,3070
4998,13,5,38,315,625,485,442.038551025172,95,45872.5541989262,8762.5,3070
5002,13,6,2,350,650,495,1616.52166831351,95,172468.846311234,7322.5,3250
5010,13,6,10,370,655,510,1351.53233020705,95,142579.752818863,7642.5,3250
5014,13,6,14,355,670,505,1195.48685467589,95,128789.947061606,7802.5,3250
5019,13,6,19,360,660,505,1611.83030752316,100,171329.766621475,8002.5,3250
5026,13,6,26,325,635,500,297.446871786177,90,31063.3618612435,8282.5,3250
5032,13,6,32,385,670,515,1082.69913266029,95,109236.806771097,8522.5,3250
5040,13,6,40,340,655,495,357.826885744209,95,38048.8827392258,8842.5,3250
5048,13,7,8,380,685,515,591.245963494986,95,65245.216269205,7562.5,3430
5065,13,7,25,360,655,500,2384.66990039176,90,244596.251660741,8242.5,3430
5067,13,7,27,375,670,510,2242.12495918416,95,232218.665407506,8322.5,3430
5069,13,7,29,365,660,510,5671.08258046217,95,590192.087028403,8402.5,3430
5071,13,7,31,325,645,495,5061.64333640159,100,555332.446466831,8482.5,3430
5074,13,7,34,325,640,495,887.006163964992,100,96984.5632986497,8602.5,3430
5076,13,7,36,385,665,510,695.671325642806,95,71984.7553074692,8682.5,3430
5081,13,8,1,370,650,515,373.249200207606,100,39605.6530468935,7282.5,3610
5082,13,8,2,355,685,520,260.002634330122,95,29246.2508083794,7322.5,3610
5101,13,8,21,370,710,520,646.529726789227,100,70912.9850305494,8082.5,3610
5104,13,8,24,330,660,505,1486.07996395839,95,161919.658495503,8202.5,3610
5108,13,8,28,375,675,515,3638.3467785731,95,380672.362237849,8362.5,3610
5118,13,8,38,400,740,535,346.233999976099,110,43124.2899522349,8762.5,3610
5119,13,8,39,380,670,520,2408.96990155696,95,248563.47355812,8802.5,3610
5129,13,9,9,370,670,515,1474.94627442992,100,159760.726289853,7602.5,3790
5131,13,9,11,390,725,530,1663.51106734234,105,194721.24871199,7682.5,3790
5141,13,9,21,350,695,520,2054.24755204293,105,233790.496514839,8082.5,3790
5143,13,9,23,410,710,535,530.090074739014,100,57775.5557584869,8162.5,3790
5158,13,9,38,405,720,545,1629.81974381435,95,173078.758101407,8762.5,3790
5162,13,10,2,395,715,535,1686.70411580005,100,185694.051660439,7322.5,3970
5167,13,10,7,380,725,525,1006.75210281468,100,113649.99241934,7522.5,3970
5189,13,10,29,395,690,535,1928.81963073169,100,205695.508925952,8402.5,3970
5192,13,10,32,405,725,550,330.804870063245,105,38240.5134892621,8522.5,3970
5197,13,10,37,405,705,545,3517.49031229429,100,375907.297896303,8722.5,3970
5202,14,1,2,380,705,505,263.953783014918,95,28596.3504425821,9047.5,2350
5216,14,1,16,370,645,505,2090.40537408106,90,204963.694826035,9607.5,2350
5227,14,1,27,350,625,485,2115.56206997374,90,205462.194247335,10047.5,2350
5235,14,1,35,360,640,495,3857.4557285531,90,379959.426683882,10367.5,2350
5240,14,1,40,320,635,465,496.115766646593,95,53127.9672026808,10567.5,2350
5244,14,2,4,365,645,505,1708.68203924284,90,169687.97412852,9127.5,2530
5249,14,2,9,315,630,490,760.408004480914,95,81554.5623563817,9327.5,2530
5266,14,2,26,335,615,475,1335.92173940337,90,131955.300844304,10007.5,2530
5274,14,2,34,305,600,470,651.404939675349,90,66089.9035578082,10327.5,2530
5277,14,2,37,345,620,480,3362.57230946697,90,328310.05741365,10447.5,2530
5284,14,3,4,350,630,490,6317.91740238714,95,630883.45913132,9127.5,2710
5286,14,3,6,325,645,505,221.437416213655,105,26458.4103041541,9207.5,2710
5292,14,3,12,370,605,490,179.329395457263,90,16924.8258047585,9447.5,2710
5294,14,3,14,370,645,500,3682.81769220642,85,358963.3898322,9527.5,2710
5298,14,3,18,365,615,495,171.924156422065,90,17310.0423411285,9687.5,2710
5299,14,3,19,350,635,495,1438.01094180524,95,148789.105380506,9727.5,2710
5301,14,3,21,370,630,485,561.007390386255,90,54304.09491776,9807.5,2710
5308,14,3,28,325,645,480,473.24077500097,95,50747.5343327842,10087.5,2710
5317,14,3,37,370,680,505,662.303246587252,125,85848.0948871616,10447.5,2710
5330,14,4,10,365,635,495,2421.28729739235,85,236128.355158872,9367.5,2890
5335,14,4,15,360,630,490,7193.4737832608,90,697227.287349273,9567.5,2890
5345,14,4,25,335,675,490,4451.31802077521,110,532947.277245665,9967.5,2890
5349,14,4,29,265,620,470,1100.7356664191,105,128071.584594049,10127.5,2890
5351,14,4,31,335,640,470,1016.64761033822,90,103794.652835393,10207.5,2890
5354,14,4,34,365,630,475,247.294944194949,90,24375.1534499581,10327.5,2890
5358,14,4,38,420,670,545,326.359119732918,95,32816.8802252499,10487.5,2890
5374,14,5,14,295,625,480,1629.34052830689,95,176213.290720112,9527.5,3070
5376,14,5,16,325,625,480,2888.97385511619,90,300591.888105725,9607.5,3070
5381,14,5,21,315,630,475,2700.29745518747,95,291866.315600692,9807.5,3070
5384,14,5,24,350,620,485,1412.79341319334,90,138987.57704288,9927.5,3070
5392,14,5,32,345,470,410,413.318879229394,40,18700.3729630835,10247.5,3070
5398,14,5,38,330,605,470,4103.81426045735,90,400043.927356806,10487.5,3070
5402,14,6,2,295,635,490,250.769169220776,100,28326.6211056871,9047.5,3250
5405,14,6,5,375,640,495,1447.00669944045,90,140978.389893048,9167.5,3250
5408,14,6,8,380,635,500,534.849486719419,90,52735.6772276169,9287.5,3250
5424,14,6,24,345,625,485,1685.23681752384,95,169289.285478895,9927.5,3250
5430,14,6,30,335,605,475,428.844616885561,90,42664.6421620625,10167.5,3250
5438,14,6,38,335,630,480,5981.5198382034,90,605844.905924215,10487.5,3250
5447,14,7,7,350,645,500,2874.81359548188,95,303059.968373606,9247.5,3430
5456,14,7,16,340,640,490,4225.8263248682,95,439612.705633682,9607.5,3430
5459,14,7,19,365,485,425,927.569580512434,35,37842.0211589781,9727.5,3430
5464,14,7,24,355,635,490,2196.66892565228,90,220928.007041089,9927.5,3430
5465,14,7,25,370,675,495,251.20000518807,90,27443.9899347435,9967.5,3430
5479,14,7,39,300,605,465,1180.10757245787,95,124674.058918588,10527.5,3430
5483,14,8,3,370,665,515,2787.28345608809,95,290295.669415114,9087.5,3610
5497,14,8,17,375,660,505,1449.27482408182,90,147130.046933538,9647.5,3610
5509,14,8,29,365,645,500,3949.08647196725,95,397509.408473306,10127.5,3610
5511,14,8,31,315,685,495,742.995619486791,100,85094.0196362343,10207.5,3610
5514,14,8,34,320,630,480,687.768631038365,105,78043.7885691847,10327.5,3610
5517,14,8,37,375,650,495,406.687040356314,90,40027.9322003054,10447.5,3610
5543,14,9,23,370,685,515,957.797912263686,90,100856.242162334,9887.5,3790
5546,14,9,26,405,700,525,517.660314249062,95,53426.2332779246,10007.5,3790
5550,14,9,30,405,680,525,448.062201459166,100,47469.2271247926,10167.5,3790
5555,14,9,35,380,685,520,1499.35276431031,95,155794.053004903,10367.5,3790
5564,14,10,4,410,700,545,1545.84023571247,95,161672.015626584,9127.5,3970
5575,14,10,15,380,675,525,2262.02660038891,90,233981.328002903,9567.5,3970
5591,14,10,31,400,680,530,7729.27175990021,95,786374.07860405,10207.5,3970
5595,14,10,35,385,670,520,4621.8762349616,90,468562.626331004,10367.5,3970
5597,14,10,37,430,750,550,299.505120629758,120,37568.5963262413,10447.5,3970
5603,15,1,3,330,605,470,827.400483915991,85,80602.9721326174,10812.5,2350
5604,15,1,4,335,680,535,241.815055833071,135,35817.7340370502,10852.5,2350
5609,15,1,9,320,615,470,4436.08131098536,95,457129.781611168,11052.5,2350
5618,15,1,18,330,615,470,1498.84950513882,90,152334.542979202,11412.5,2350
5622,15,1,22,355,630,485,1111.30717707505,90,109082.449581236,11572.5,2350
5626,15,1,26,375,610,495,1150.32953439204,90,107672.889111209,11732.5,2350
5631,15,1,31,340,630,490,1279.63561619781,95,131528.533472355,11932.5,2350
5653,15,2,13,310,605,470,3990.26318067609,90,403002.577762047,11212.5,2530
5665,15,2,25,335,615,475,1443.14824561858,90,143425.880300113,11692.5,2530
5670,15,2,30,330,620,475,831.261253238033,90,82892.788279948,11892.5,2530
5682,15,3,2,80,195,135,553.78445312607,40,22791.212591555,10772.5,2710
5684,15,3,4,330,625,475,1581.2728920016,95,160664.350743382,10852.5,2710
5710,15,3,30,400,700,545,611.016489852838,95,64515.3104161629,11892.5,2710
5720,15,3,40,330,610,465,2223.20623754162,90,217702.611476395,12292.5,2710
5753,15,4,33,350,605,475,1251.07919679824,85,117449.731907598,12012.5,2890
5760,15,4,40,345,620,480,3815.05324964401,90,376333.407320207,12292.5,2890
5785,15,5,25,360,630,470,189.290699354782,90,19712.8562260724,11692.5,3070
5794,15,5,34,335,625,480,422.058582261345,90,41435.7460603492,12052.5,3070
5796,15,5,36,300,600,460,6617.12506752272,90,682106.786358196,12132.5,3070
5806,15,6,6,345,625,485,2170.04718633011,90,215376.475447368,10932.5,3250
5823,15,6,23,335,635,475,1086.57599709282,90,107737.497459203,11612.5,3250
5826,15,6,26,350,610,480,1935.40611783148,85,185525.808895841,11732.5,3250
5839,15,6,39,340,610,475,2209.66262077841,90,214334.000674863,12252.5,3250
5857,15,7,17,335,615,475,1274.49314586321,90,128808.096297219,11372.5,3430
5859,15,7,19,350,630,480,1354.05673601575,85,132345.028752252,11452.5,3430
5862,15,7,22,340,605,470,3867.06652416749,85,370734.067740159,11572.5,3430
5865,15,7,25,425,745,560,330.613906177245,105,38224.383115176,11692.5,3430
5866,15,7,26,305,620,475,2800.37524077347,95,291318.258897819,11732.5,3430
5871,15,7,31,335,610,475,1025.24260036779,85,99470.0869074795,11932.5,3430
5875,15,7,35,345,690,485,353.973377257106,90,39072.3734165775,12092.5,3430
5878,15,7,38,330,610,465,4276.55107103168,90,409863.05640641,12212.5,3430
5887,15,8,7,350,625,485,2851.39769394257,95,284589.40509955,10972.5,3610
5902,15,8,22,365,625,485,936.63568753875,90,92218.1677829793,11572.5,3610
5904,15,8,24,360,630,490,1335.64800396041,90,130428.074872457,11652.5,3610
5938,15,9,18,360,640,495,3906.67426601337,90,388257.301670398,11412.5,3790
5940,15,9,20,355,640,500,1835.45976849635,95,188892.459705846,11492.5,3790
5952,15,9,32,380,640,505,1929.71566812323,90,184012.521116109,11972.5,3790
5959,15,9,39,375,645,505,3271.62246235406,90,320119.83825497,12252.5,3790
5962,15,10,2,395,680,515,899.110525414625,95,92424.1387264055,10772.5,3970
5963,15,10,3,380,700,510,440.196706084285,95,49266.9644829282,10812.5,3970
5975,15,10,15,385,655,515,8766.51889752896,90,852726.691228356,11292.5,3970
5979,15,10,19,400,670,525,2019.26161990301,90,198026.455358224,11452.5,3970
5982,15,10,22,725,830,800,221.503482230391,40,9579.21643436118,11572.5,3970
5984,15,10,24,385,650,505,1460.33232341448,90,142606.065410908,11652.5,3970
5989,15,10,29,385,720,580,271.729373337003,100,30422.3929748023,11852.5,3970
5993,15,10,33,395,665,520,1837.38361184956,90,180785.471967342,12012.5,3970
6004,16,1,4,360,650,505,1687.83299748701,95,176735.556845409,12577.5,2350
6011,16,1,11,390,630,500,297.393323824521,90,28135.4913435131,12857.5,2350
6013,16,1,13,370,650,495,488.589466437253,95,51382.8950516108,12937.5,2350
6014,16,1,14,380,675,500,271.136618433909,90,27082.2915996388,12977.5,2350
6026,16,1,26,410,765,560,363.380489610962,105,42189.5537201051,13457.5,2350
6042,16,2,2,350,640,485,284.631545968428,95,29582.2354701034,12497.5,2530
6046,16,2,6,335,620,485,3558.70497579609,95,359383.936523831,12657.5,2530
6053,16,2,13,335,625,495,305.368636583504,95,32367.0253731976,12937.5,2530
6077,16,2,37,340,605,480,172.987211827341,100,19229.8244401323,13897.5,2530
6086,16,3,6,365,635,490,825.211595265991,90,82070.2646465633,12657.5,2710
6091,16,3,11,330,450,395,489.167913923588,35,20459.9263999955,12857.5,2710
6095,16,3,15,345,625,485,1547.21011016166,90,156329.247701761,13017.5,2710
6096,16,3,16,345,625,485,1008.4434515608,90,99599.3080410465,13057.5,2710
6112,16,3,32,350,640,490,1277.13901520004,90,127671.913653743,13697.5,2710
6115,16,3,35,360,610,490,545.268169000959,90,51783.4632092554,13817.5,2710
6121,16,4,1,355,630,485,2154.85428111951,85,205813.108819508,12457.5,2890
6122,16,4,2,355,625,480,1603.78887259912,85,152073.059260013,12497.5,2890
6124,16,4,4,325,620,485,570.596276815573,95,59074.8177761626,12577.5,2890
6144,16,4,24,370,630,500,557.577278105093,90,54276.8683052661,13377.5,2890
6157,16,4,37,370,635,505,1088.15838141504,90,102657.68418893,13897.5,2890
6169,16,5,9,395,730,510,265.736951637798,115,32434.1306650773,12777.5,3070
6171,16,5,11,415,690,565,221.264645401847,95,23044.6953748837,12857.5,3070
6174,16,5,14,335,635,475,312.058440007843,95,33572.7914054049,12977.5,3070
6182,16,5,22,320,645,485,339.908005863185,95,39039.4438421707,13297.5,3070
6184,16,5,24,360,610,490,399.552639514742,90,37528.6184246145,13377.5,3070
6187,16,5,27,360,630,490,1470.2114818036,90,142386.405990679,13497.5,3070
6190,16,5,30,325,685,485,458.494453999753,105,53312.0526946124,13617.5,3070
6194,16,5,34,355,640,495,954.411624415247,90,91958.9283533143,13777.5,3070
6198,16,5,38,310,620,485,14601.6481826735,90,1493541.64420077,13937.5,3070
6207,16,6,7,335,645,490,481.732805419531,85,48979.4952008001,12697.5,3250
6218,16,6,18,315,610,485,469.685345877208,90,47178.8229980207,13137.5,3250
6221,16,6,21,370,635,480,332.363278568574,80,29752.3260594599,13257.5,3250
6223,16,6,23,365,640,490,1089.95128386887,90,105005.776703377,13337.5,3250
6229,16,6,29,300,655,500,265.027980794104,95,30184.311283233,13577.5,3250
6231,16,6,31,260,620,490,2362.66775295345,95,256483.159474469,13657.5,3250
6233,16,6,33,365,615,500,707.722611493665,90,65459.0277759951,13737.5,3250
6234,16,6,34,350,665,500,503.016418257587,90,50262.9057690292,13777.5,3250
6235,16,6,35,370,630,500,2850.77418905042,85,264887.055139064,13817.5,3250
6236,16,6,36,340,645,495,894.745572606312,90,91327.3476566006,13857.5,3250
6247,16,7,7,310,655,475,608.023982929248,95,68527.3861954122,12697.5,3430
6248,16,7,8,300,620,475,556.471961350705,95,59850.2544256784,12737.5,3430
6255,16,7,15,360,635,490,260.348223982962,95,27507.3940576349,13017.5,3430
6267,16,7,27,375,705,555,591.862655817004,105,69617.2032439046,13497.5,3430
6270,16,7,30,355,630,490,878.570396485199,90,87753.8566452316,13617.5,3430
6271,16,7,31,390,680,515,388.718894739181,110,44747.590397361,13657.5,3430
6284,16,8,4,345,625,485,1860.81762486968,90,184650.264675893,12577.5,3610
6285,16,8,5,355,620,485,2301.62388627514,85,217341.440434485,12617.5,3610
6305,16,8,25,370,625,490,1155.94011332912,90,108083.065017112,13417.5,3610
6338,16,9,18,315,650,485,1356.87242097585,100,152884.640301952,13137.5,3790
6341,16,9,21,375,635,500,2602.28465974778,85,244709.363870116,13257.5,3790
6346,16,9,26,605,725,665,648.887510631266,45,30472.6173324969,13457.5,3790
6367,16,10,7,395,670,530,3063.8510336258,90,301057.522263009,12697.5,3970
6369,16,10,9,380,660,520,3394.89653480065,95,344471.091806674,12777.5,3970
6377,16,10,17,375,665,515,316.545321028636,95,33661.0813114618,13097.5,3970
6379,16,10,19,395,720,525,476.356195820684,105,54270.8307497733,13177.5,3970
6381,16,10,21,400,650,515,248.102416685712,95,24879.0893067648,13257.5,3970
6390,16,10,30,360,655,500,930.997161730205,90,92048.7183587744,13617.5,3970